{
	"class_name" : "PinholeCameraParameters",
	"extrinsic" : 
	[
		-0.99149186364287634,
		0.12967204678801267,
		0.011359780446100408,
		0.0,
		-0.12915996226032697,
		-0.99089842729359801,
		0.037921114645867587,
		0.0,
		0.016173697131053995,
		0.03613124781794249,
		0.99921616502748367,
		0.0,
		-9.6567488004648544e-06,
		-8.5006800233755148e-05,
		0.0018985505347758227,
		1.0
	],
	"intrinsic" : 
	{
		"height" : 1055,
		"intrinsic_matrix" : 
		[
			913.65680099258282,
			0.0,
			0.0,
			0.0,
			913.65680099258282,
			0.0,
			959.5,
			527.0,
			1.0
		],
		"width" : 1920
	},
	"version_major" : 1,
	"version_minor" : 0
}