{
	"class_name" : "PinholeCameraParameters",
	"extrinsic" : 
	[
		-0.99692855534915537,
		0.078274416876742955,
		-0.0025634336449559133,
		0.0,
		-0.077304194693680023,
		-0.97827122557706747,
		0.19237845692983419,
		0.0,
		0.012550578162293871,
		0.19198574132093327,
		0.98131746041596746,
		0.0,
		-6.0421354973689308e-06,
		-8.3747216267464342e-06,
		0.0018279995665830397,
		1.0
	],
	"intrinsic" : 
	{
		"height" : 1055,
		"intrinsic_matrix" : 
		[
			913.65680099258282,
			0.0,
			0.0,
			0.0,
			913.65680099258282,
			0.0,
			959.5,
			527.0,
			1.0
		],
		"width" : 1920
	},
	"version_major" : 1,
	"version_minor" : 0
}